<eagle version="6.1"><drawing><settings><setting alwaysvectorfont="no" verticaltext="up"/></settings><grid distance="0.1" unitdist="inch" unit="inch" style="lines" multiple="1" display="no" altdistance="0.01" altunitdist="inch" altunit="inch"/><layers><layer number="91" name="Nets" color="2" fill="1" visible="yes" active="yes"/><layer number="92" name="Busses" color="1" fill="1" visible="yes" active="yes"/><layer number="93" name="Pins" color="2" fill="1" visible="no" active="yes"/><layer number="94" name="Symbols" color="4" fill="1" visible="yes" active="yes"/><layer number="95" name="Names" color="7" fill="1" visible="yes" active="yes"/><layer number="96" name="Values" color="7" fill="1" visible="yes" active="yes"/><layer number="97" name="Info" color="7" fill="1" visible="yes" active="yes"/><layer number="98" name="Guide" color="6" fill="1" visible="yes" active="yes"/></layers><schematic><libraries><library name="AcceleratedDesigns_Lib"><packages><package name="0201"><pad name="1" drill="0" y="0" x="-0.2921"/><pad name="2" drill="0" y="0" x="0.2921"/></package><package name="1206_190"><pad name="1" drill="0" y="0" x="-1.4986"/><pad name="2" drill="0" y="0" x="1.4986"/></package><package name="1206L"><pad name="1" drill="0" y="0" x="-1.35"/><pad name="2" drill="0" y="0" x="1.35"/></package><package name="1206M"><pad name="1" drill="0" y="0" x="-1.55"/><pad name="2" drill="0" y="0" x="1.55"/></package><package name="0603"><pad name="1" drill="0" y="0" x="-0.6985"/><pad name="2" drill="0" y="0" x="0.6985"/></package><package name="0402"><pad name="1" drill="0" y="0" x="-0.4191"/><pad name="2" drill="0" y="0" x="0.4191"/></package><package name="VLP8040"><pad name="1" drill="0" y="0" x="-2.3495"/><pad name="2" drill="0" y="0" x="2.3495"/></package><package name="1206"><pad name="1" drill="0" y="0" x="-1.4986"/><pad name="2" drill="0" y="0" x="1.4986"/></package><package name="DDF0008A_N"><pad name="1" drill="0" y="0.975" x="-1.35"/><pad name="2" drill="0" y="0.325" x="-1.35"/><pad name="3" drill="0" y="-0.325" x="-1.35"/><pad name="4" drill="0" y="-0.975" x="-1.35"/><pad name="5" drill="0" y="-0.975" x="1.35"/><pad name="6" drill="0" y="-0.325" x="1.35"/><pad name="7" drill="0" y="0.325" x="1.35"/><pad name="8" drill="0" y="0.975" x="1.35"/></package><package name="DDF0008A_M"><pad name="1" drill="0" y="0.975" x="-1.45"/><pad name="2" drill="0" y="0.325" x="-1.45"/><pad name="3" drill="0" y="-0.325" x="-1.45"/><pad name="4" drill="0" y="-0.975" x="-1.45"/><pad name="5" drill="0" y="-0.975" x="1.45"/><pad name="6" drill="0" y="-0.325" x="1.45"/><pad name="7" drill="0" y="0.325" x="1.45"/><pad name="8" drill="0" y="0.975" x="1.45"/></package><package name="DDF0008A_L"><pad name="1" drill="0" y="0.975" x="-1.25"/><pad name="2" drill="0" y="0.325" x="-1.25"/><pad name="3" drill="0" y="-0.325" x="-1.25"/><pad name="4" drill="0" y="-0.975" x="-1.25"/><pad name="5" drill="0" y="-0.975" x="1.25"/><pad name="6" drill="0" y="-0.325" x="1.25"/><pad name="7" drill="0" y="0.325" x="1.25"/><pad name="8" drill="0" y="0.975" x="1.25"/></package><package name="WB_CURRENT_LOAD"><pad name="1" drill="0" y="0" x="0"/><pad name="2" drill="0" y="0" x="0"/></package><package name="WB_GND"><pad name="1" drill="0" y="0" x="0"/></package><package name="WB_BATTERY"><pad name="1" drill="0" y="0" x="0"/><pad name="2" drill="0" y="0" x="0"/></package></packages><symbols><symbol name="GRM033R71A822KA01D@1"><pin name="1@1" x="7.62" y="0" rot="MR0" direction="pas" length="short" visible="off" swaplevel="0"/><pin name="2@2" x="-7.62" y="0" rot="MR180" direction="pas" length="short" visible="off" swaplevel="0"/><wire x1="7.62" y1="0" x2="5.08" y2="0" width="0.1524" layer="94"/><wire x1="-7.62" y1="0" x2="-5.08" y2="0" width="0.1524" layer="94"/><wire x1="0.762" y1="-3.048" x2="0.762" y2="3.048" width="0.1524" layer="94"/><wire x1="-5.08" y1="0" x2="-0.762" y2="0" width="0.1524" layer="94"/><wire x1="0.762" y1="0" x2="5.08" y2="0" width="0.1524" layer="94"/><wire x1="-0.762" y1="-3.048" x2="-0.762" y2="3.048" width="0.1524" layer="94"/><text size="2" x="0" y="7.62" layer="95" align="center">&gt;NAME</text><text size="2" x="0" y="5.08" layer="96" align="center">&gt;VALUE</text></symbol><symbol name="RC0201FR-0710KL@1"><pin name="1@1" x="7.62" y="0" rot="MR0" direction="pas" length="short" visible="off" swaplevel="0"/><pin name="2@2" x="-7.62" y="0" rot="MR180" direction="pas" length="short" visible="off" swaplevel="0"/><wire x1="7.62" y1="0" x2="5.08" y2="0" width="0.1524" layer="94"/><wire x1="5.08" y1="0" x2="3.81" y2="1.524" width="0.1524" layer="94"/><wire x1="3.81" y1="1.524" x2="1.905" y2="-1.524" width="0.1524" layer="94"/><wire x1="1.905" y1="-1.524" x2="0" y2="1.524" width="0.1524" layer="94"/><wire x1="0" y1="1.524" x2="-1.905" y2="-1.524" width="0.1524" layer="94"/><wire x1="-1.905" y1="-1.524" x2="-3.81" y2="1.524" width="0.1524" layer="94"/><wire x1="-3.81" y1="1.524" x2="-5.08" y2="0" width="0.1524" layer="94"/><wire x1="-5.08" y1="0" x2="-7.62" y2="0" width="0.1524" layer="94"/><text size="2" x="0" y="5.715" layer="95" align="center">&gt;NAME</text><text size="2" x="0" y="3.175" layer="96" align="center">&gt;VALUE</text></symbol><symbol name="WB_CURRENT_LOAD@1"><pin name="+@1" x="-7.62" y="0" rot="MR180" direction="pas" length="short" visible="off" swaplevel="0"/><pin name="-@2" x="7.62" y="0" rot="MR0" direction="pas" length="short" visible="off" swaplevel="0"/><wire cap="round" x1="-3.80144541893069" y1="6.11111003035226E-05" x2="-2.68631595182662" y2="-2.68638598005626" layer="94" curve="44.25835" width="0.1524"/><wire cap="round" x1="-2.7008340002096" y1="-2.70084492188432" x2="-3.010245531766E-05" y2="-3.82193519093877" layer="94" curve="44.8182" width="0.1524"/><wire cap="round" x1="-1.47901228405671E-05" y1="-3.81607473385618" x2="2.69671339012067" y2="-2.69667753776659" layer="94" curve="45.38076" width="0.1524"/><wire cap="round" x1="2.69020543466835" y1="-2.69018253944063" x2="3.80688023502889" y2="-1.58895406142942E-05" layer="94" curve="45.58721" width="0.1524"/><wire cap="round" x1="3.80144542387741" y1="-6.17958751984642E-05" x2="2.68631643327033" y2="2.68638549307261" layer="94" curve="44.25835" width="0.1524"/><wire cap="round" x1="2.70083237377049" y1="2.70084654561062" x2="2.78042467919214E-05" y2="3.82193519631281" layer="94" curve="44.8182" width="0.1524"/><wire cap="round" x1="1.57980194586995E-05" y1="3.81607473126472" x2="-2.69671268033746" y2="2.69667825335733" layer="94" curve="45.38076" width="0.1524"/><wire cap="round" x1="-2.69020543466835" y1="2.69018253944063" x2="-3.80688023502889" y2="1.58895406171733E-05" layer="94" curve="45.58721" width="0.1524"/><wire x1="7.62" y1="0" x2="3.81" y2="0" width="0.1524" layer="94"/><wire x1="-3.81" y1="0" x2="-7.62" y2="0" width="0.1524" layer="94"/><wire x1="0.762" y1="-1.778" x2="3.048" y2="0" width="0.1524" layer="94"/><wire x1="0.762" y1="1.778" x2="3.048" y2="0" width="0.1524" layer="94"/><wire x1="3.048" y1="0" x2="-3.048" y2="0" width="0.1524" layer="94"/></symbol><symbol name="C0603C104Z3VACTU@1"><pin name="1@1" x="7.62" y="0" rot="MR0" direction="pas" length="short" visible="off" swaplevel="0"/><pin name="2@2" x="-7.62" y="0" rot="MR180" direction="pas" length="short" visible="off" swaplevel="0"/><wire x1="7.62" y1="0" x2="5.08" y2="0" width="0.1524" layer="94"/><wire x1="-7.62" y1="0" x2="-5.08" y2="0" width="0.1524" layer="94"/><wire x1="0.762" y1="-3.048" x2="0.762" y2="3.048" width="0.1524" layer="94"/><wire x1="-5.08" y1="0" x2="-0.762" y2="0" width="0.1524" layer="94"/><wire x1="0.762" y1="0" x2="5.08" y2="0" width="0.1524" layer="94"/><wire x1="-0.762" y1="-3.048" x2="-0.762" y2="3.048" width="0.1524" layer="94"/><text size="2" x="0" y="7.62" layer="95" align="center">&gt;NAME</text><text size="2" x="0" y="5.08" layer="96" align="center">&gt;VALUE</text></symbol><symbol name="CRCW0402100KFKED@1"><pin name="1@1" x="7.62" y="0" rot="MR0" direction="pas" length="short" visible="off" swaplevel="0"/><pin name="2@2" x="-7.62" y="0" rot="MR180" direction="pas" length="short" visible="off" swaplevel="0"/><wire x1="7.62" y1="0" x2="5.08" y2="0" width="0.1524" layer="94"/><wire x1="5.08" y1="0" x2="3.81" y2="1.524" width="0.1524" layer="94"/><wire x1="3.81" y1="1.524" x2="1.905" y2="-1.524" width="0.1524" layer="94"/><wire x1="1.905" y1="-1.524" x2="0" y2="1.524" width="0.1524" layer="94"/><wire x1="0" y1="1.524" x2="-1.905" y2="-1.524" width="0.1524" layer="94"/><wire x1="-1.905" y1="-1.524" x2="-3.81" y2="1.524" width="0.1524" layer="94"/><wire x1="-3.81" y1="1.524" x2="-5.08" y2="0" width="0.1524" layer="94"/><wire x1="-5.08" y1="0" x2="-7.62" y2="0" width="0.1524" layer="94"/><text size="2" x="0" y="5.715" layer="95" align="center">&gt;NAME</text><text size="2" x="0" y="3.175" layer="96" align="center">&gt;VALUE</text></symbol><symbol name="WB_GND@1"><pin name="1@1" x="0" y="2.54" rot="MR270" direction="pas" length="short" visible="off" swaplevel="0"/><wire x1="0" y1="2.54" x2="0" y2="0" width="0.1524" layer="94"/><wire x1="-3.302" y1="0" x2="3.302" y2="0" width="0.1524" layer="94"/><wire x1="-2.286" y1="-1.016" x2="2.286" y2="-1.016" width="0.1524" layer="94"/><wire x1="-0.762" y1="-2.032" x2="0.762" y2="-2.032" width="0.1524" layer="94"/></symbol><symbol name="VLP8040T-3R3N@1"><pin name="2@2" x="7.62" y="0" rot="MR0" direction="pas" length="short" visible="off" swaplevel="0"/><pin name="1@1" x="-7.62" y="0" rot="MR180" direction="pas" length="short" visible="off" swaplevel="0"/><wire cap="round" x1="2.70086965376353" y1="0.835686125023295" x2="2.5488127292636" y2="-6.24799789495706E-04" layer="94" curve="12.47546" width="0.1524"/><wire cap="round" x1="3.80990829544782" y1="1.85597139451402" x2="2.69064524918793" y2="0.838459388755286" layer="94" curve="78.62357" width="0.1524"/><wire cap="round" x1="4.90450120907934" y1="0.838494459997258" x2="3.81012877640754" y2="1.85651641360845" layer="94" curve="79.52696" width="0.1524"/><wire cap="round" x1="5.08194212297714" y1="7.65933497371016E-02" x2="4.90412159312222" y2="0.838683789637753" layer="94" curve="2.683002" width="0.1524"/><wire x1="5.08" y1="7.32740090825246E-14" x2="7.62" y2="8.71708039085205E-14" width="0.1524" layer="94"/><wire cap="round" x1="0.160869647012591" y1="0.835686120495971" x2="8.81272251266148E-03" y2="-6.24804316819648E-04" layer="94" curve="12.47546" width="0.1524"/><wire cap="round" x1="1.26990852880952" y1="1.85597126998469" x2="0.150645552335143" y2="0.838459735984588" layer="94" curve="78.62355" width="0.1524"/><wire cap="round" x1="2.36450120579728" y1="0.838494428025542" x2="1.27012877312548" y2="1.85651638163673" layer="94" curve="79.52696" width="0.1524"/><wire cap="round" x1="2.53556331240561" y1="-0.177885354456139" x2="2.35799865867502" y2="0.83677165558159" layer="94" curve="17.67289" width="0.1524"/><wire cap="round" x1="-2.37913022471952" y1="0.835686100537919" x2="-2.53118714921945" y2="-6.24824274872179E-04" layer="94" curve="12.47546" width="0.1524"/><wire cap="round" x1="-1.27009153439261" y1="1.85597127646014" x2="-2.38935453412885" y2="0.838459585207164" layer="94" curve="78.62356" width="0.1524"/><wire cap="round" x1="-0.17549876466415" y1="0.838494473537584" x2="-1.26987119733595" y2="1.85651642714878" layer="94" curve="79.52696" width="0.1524"/><wire cap="round" x1="-4.43666361586885E-03" y1="-0.177885358125391" x2="-0.182001317346461" y2="0.836771651912338" layer="94" curve="17.67289" width="0.1524"/><wire x1="-7.62" y1="1.31748834064638E-14" x2="-5.08" y2="1.3716316971113E-14" width="0.1524" layer="94"/><wire cap="round" x1="-4.91913036648931" y1="0.835686111441321" x2="-5.07118729098924" y2="-6.2481337147006E-04" layer="94" curve="12.47546" width="0.1524"/><wire cap="round" x1="-3.81009141933233" y1="1.85597124231149" x2="-4.9293543958067" y2="0.838459708311387" layer="94" curve="78.62355" width="0.1524"/><wire cap="round" x1="-2.71549867276639" y1="0.838494472482158" x2="-3.80987126078252" y2="1.85651643468738" layer="94" curve="79.52697" width="0.1524"/><wire cap="round" x1="-2.54443665882017" y1="-0.177885354014588" x2="-2.72200131255076" y2="0.836771656023141" layer="94" curve="17.67289" width="0.1524"/><wire cap="round" x1="-2.54499763137906" y1="2.51755460236626E-03" x2="-2.54499765572502" y2="-0.180317541662839" layer="94" curve="53.47319" width="0.1524"/><wire cap="round" x1="-4.99761237348031E-03" y1="2.51757271580121E-03" x2="-4.9976367194459E-03" y2="-0.180317523549404" layer="94" curve="53.47319" width="0.1524"/><wire cap="round" x1="2.53500243197289" y1="2.51757460827418E-03" x2="2.53500238936746" y2="-0.180317485409697" layer="94" curve="53.47318" width="0.1524"/><text size="2" x="0" y="5.715" layer="95" align="center">&gt;NAME</text><text size="2" x="0" y="3.175" layer="96" align="center">&gt;VALUE</text></symbol><symbol name="C3216X5R1E476M160AC@1"><pin name="1@1" x="7.62" y="0" rot="MR0" direction="pas" length="short" visible="off" swaplevel="0"/><pin name="2@2" x="-7.62" y="0" rot="MR180" direction="pas" length="short" visible="off" swaplevel="0"/><wire x1="7.62" y1="0" x2="5.08" y2="0" width="0.1524" layer="94"/><wire x1="-7.62" y1="0" x2="-5.08" y2="0" width="0.1524" layer="94"/><wire x1="0.762" y1="-3.048" x2="0.762" y2="3.048" width="0.1524" layer="94"/><wire x1="-5.08" y1="0" x2="-0.762" y2="0" width="0.1524" layer="94"/><wire x1="0.762" y1="0" x2="5.08" y2="0" width="0.1524" layer="94"/><wire x1="-0.762" y1="-3.048" x2="-0.762" y2="3.048" width="0.1524" layer="94"/><text size="2" x="0" y="7.62" layer="95" align="center">&gt;NAME</text><text size="2" x="0" y="5.08" layer="96" align="center">&gt;VALUE</text></symbol><symbol name="RC0201FR-0756K2L@1"><pin name="1@1" x="7.62" y="0" rot="MR0" direction="pas" length="short" visible="off" swaplevel="0"/><pin name="2@2" x="-7.62" y="0" rot="MR180" direction="pas" length="short" visible="off" swaplevel="0"/><wire x1="7.62" y1="0" x2="5.08" y2="0" width="0.1524" layer="94"/><wire x1="5.08" y1="0" x2="3.81" y2="1.524" width="0.1524" layer="94"/><wire x1="3.81" y1="1.524" x2="1.905" y2="-1.524" width="0.1524" layer="94"/><wire x1="1.905" y1="-1.524" x2="0" y2="1.524" width="0.1524" layer="94"/><wire x1="0" y1="1.524" x2="-1.905" y2="-1.524" width="0.1524" layer="94"/><wire x1="-1.905" y1="-1.524" x2="-3.81" y2="1.524" width="0.1524" layer="94"/><wire x1="-3.81" y1="1.524" x2="-5.08" y2="0" width="0.1524" layer="94"/><wire x1="-5.08" y1="0" x2="-7.62" y2="0" width="0.1524" layer="94"/><text size="2" x="0" y="5.715" layer="95" align="center">&gt;NAME</text><text size="2" x="0" y="3.175" layer="96" align="center">&gt;VALUE</text></symbol><symbol name="TPS563210ADDFR@1"><wire x1="-17.78" y1="-15.24" x2="17.78" y2="-15.24" width="0.2032" layer="94"/><wire x1="17.78" y1="-15.24" x2="17.78" y2="15.24" width="0.2032" layer="94"/><wire x1="17.78" y1="15.24" x2="-17.78" y2="15.24" width="0.2032" layer="94"/><wire x1="-17.78" y1="15.24" x2="-17.78" y2="-15.24" width="0.2032" layer="94"/><pin name="GND@1" x="22.86" y="-12.7" rot="MR0" direction="pwr" length="middle" visible="both" swaplevel="0"/><pin name="SW@2" x="22.86" y="2.54" rot="MR0" direction="pwr" length="middle" visible="both" swaplevel="0"/><pin name="VIN@3" x="-22.86" y="10.16" rot="MR180" direction="pwr" length="middle" visible="both" swaplevel="0"/><pin name="PG@4" x="22.86" y="-2.54" rot="MR0" direction="OC" length="middle" visible="both" swaplevel="0"/><pin name="SS@5" x="-22.86" y="-7.62" rot="MR180" direction="in" length="middle" visible="both" swaplevel="0"/><pin name="VFB@6" x="22.86" y="-7.62" rot="MR0" direction="in" length="middle" visible="both" swaplevel="0"/><pin name="EN@7" x="-22.86" y="2.54" rot="MR180" direction="in" length="middle" visible="both" swaplevel="0"/><pin name="VBST@8" x="22.86" y="10.16" rot="MR0" direction="pwr" length="middle" visible="both" swaplevel="0"/><text size="2" x="0" y="2.54" layer="95" align="center">&gt;NAME</text><text size="2" x="0" y="0" layer="96" align="center">&gt;VALUE</text><text size="2" x="0" y="0" layer="96" align="center">&gt;VALUE</text></symbol><symbol name="WB_BATTERY@1"><pin name="+@1" x="-7.62" y="0" rot="MR180" direction="pas" length="short" visible="off" swaplevel="0"/><pin name="-@2" x="7.62" y="0" rot="MR0" direction="pas" length="short" visible="off" swaplevel="0"/><wire x1="-2.032" y1="0" x2="-7.62" y2="0" width="0.1524" layer="94"/><wire x1="-1.778" y1="-3.048" x2="-1.778" y2="3.048" width="0.1524" layer="94"/><wire x1="1.016" y1="-3.048" x2="1.016" y2="3.048" width="0.1524" layer="94"/><wire x1="7.62" y1="0" x2="2.794" y2="0" width="0.1524" layer="94"/><wire x1="-0.508" y1="-1.27" x2="-0.508" y2="1.27" width="0.1524" layer="94"/><wire x1="-0.254" y1="-1.27" x2="-0.254" y2="1.27" width="0.1524" layer="94"/><wire x1="-3.556" y1="2.286" x2="-3.556" y2="3.81" width="0.1524" layer="94"/><wire x1="-2.794" y1="3.048" x2="-4.318" y2="3.048" width="0.1524" layer="94"/><wire x1="3.302" y1="2.54" x2="3.302" y2="3.81" width="0.1524" layer="94"/><wire x1="2.54" y1="-1.27" x2="2.54" y2="1.27" width="0.1524" layer="94"/><wire x1="2.286" y1="-1.27" x2="2.286" y2="1.27" width="0.1524" layer="94"/><text size="2" x="0" y="5.08" layer="95" align="center">&gt;NAME</text></symbol><symbol name="GRM31CR61E106KA12L@1"><pin name="1@1" x="7.62" y="0" rot="MR0" direction="pas" length="short" visible="off" swaplevel="0"/><pin name="2@2" x="-7.62" y="0" rot="MR180" direction="pas" length="short" visible="off" swaplevel="0"/><wire x1="7.62" y1="0" x2="5.08" y2="0" width="0.1524" layer="94"/><wire x1="-7.62" y1="0" x2="-5.08" y2="0" width="0.1524" layer="94"/><wire x1="0.762" y1="-3.048" x2="0.762" y2="3.048" width="0.1524" layer="94"/><wire x1="-5.08" y1="0" x2="-0.762" y2="0" width="0.1524" layer="94"/><wire x1="0.762" y1="0" x2="5.08" y2="0" width="0.1524" layer="94"/><wire x1="-0.762" y1="-3.048" x2="-0.762" y2="3.048" width="0.1524" layer="94"/><text size="2" x="0" y="7.62" layer="95" align="center">&gt;NAME</text><text size="2" x="0" y="5.08" layer="96" align="center">&gt;VALUE</text></symbol></symbols><devicesets><deviceset name="GRM033R71A822KA01D" prefix=""><gates><gate name="1" addlevel="always" y="0" x="0" symbol="GRM033R71A822KA01D@1"/></gates><devices><device name="GRM033R71A822KA01D" package="0201"><connects><connect pad="1" pin="1@1" gate="1"/><connect pad="2" pin="2@2" gate="1"/></connects><technologies><technology name=""><attribute name="Cap" value="8.2E-9" constant="no"/><attribute name="ESR" value="0.0" constant="no"/><attribute name="IRMS" value="0.0" constant="no"/><attribute name="VDC" value="10.0" constant="no"/><attribute name="Manufacturer_Part_Number" value="GRM033R71A822KA01D" constant="no"/><attribute name="Vendor" value="MuRata" constant="no"/><attribute name="Manufacturer_Name" value="MuRata" constant="no"/></technology></technologies></device></devices></deviceset><deviceset name="RC0201FR-0710KL" prefix=""><gates><gate name="1" addlevel="always" y="0" x="0" symbol="RC0201FR-0710KL@1"/></gates><devices><device name="RC0201FR-0710KL" package="0201"><connects><connect pad="1" pin="1@1" gate="1"/><connect pad="2" pin="2@2" gate="1"/></connects><technologies><technology name=""><attribute name="Datasheet_URL" value="http://www.yageo.com/documents/recent/PYu%2DRC%5FGroup%5F51%5FRoHS%5FL%5F5.pdf" constant="no"/><attribute name="Resistance" value="10000.0" constant="no"/><attribute name="Power" value="0.05" constant="no"/><attribute name="Tolerance" value="1.0" constant="no"/><attribute name="Manufacturer_Part_Number" value="RC0201FR-0710KL" constant="no"/><attribute name="Vendor" value="Yageo America" constant="no"/><attribute name="Manufacturer_Name" value="Yageo" constant="no"/></technology></technologies></device></devices></deviceset><deviceset name="WB_CURRENT_LOAD" prefix=""><gates><gate name="1" addlevel="always" y="0" x="0" symbol="WB_CURRENT_LOAD@1"/></gates><devices><device name="WB_CURRENT_LOAD" package="WB_CURRENT_LOAD"><connects><connect pad="1" pin="+@1" gate="1"/><connect pad="2" pin="-@2" gate="1"/></connects><technologies><technology name=""><attribute name="Value" value="Value" constant="no"/><attribute name="Manufacturer_Part_Number" value="WB_CURRENT_LOAD" constant="no"/><attribute name="Manufacturer_Name" value="WB_CURRENT_LOAD" constant="no"/><attribute name="PowerPortType" value="POWER_GROUND" constant="no"/></technology></technologies></device></devices></deviceset><deviceset name="C0603C104Z3VACTU" prefix=""><gates><gate name="1" addlevel="always" y="0" x="0" symbol="C0603C104Z3VACTU@1"/></gates><devices><device name="C0603C104Z3VACTU" package="0603"><connects><connect pad="1" pin="1@1" gate="1"/><connect pad="2" pin="2@2" gate="1"/></connects><technologies><technology name=""><attribute name="Cap" value="1.0E-7" constant="no"/><attribute name="ESR" value="0.0" constant="no"/><attribute name="IRMS" value="0.0" constant="no"/><attribute name="VDC" value="25.0" constant="no"/><attribute name="Manufacturer_Part_Number" value="C0603C104Z3VACTU" constant="no"/><attribute name="Vendor" value="Kemet" constant="no"/><attribute name="Manufacturer_Name" value="Kemet" constant="no"/></technology></technologies></device></devices></deviceset><deviceset name="CRCW0402100KFKED" prefix=""><gates><gate name="1" addlevel="always" y="0" x="0" symbol="CRCW0402100KFKED@1"/></gates><devices><device name="CRCW0402100KFKED" package="0402"><connects><connect pad="1" pin="1@1" gate="1"/><connect pad="2" pin="2@2" gate="1"/></connects><technologies><technology name=""><attribute name="Resistance" value="100000.0" constant="no"/><attribute name="Power" value="0.063" constant="no"/><attribute name="Tolerance" value="1.0" constant="no"/><attribute name="Manufacturer_Part_Number" value="CRCW0402100KFKED" constant="no"/><attribute name="Vendor" value="Vishay-Dale" constant="no"/><attribute name="Manufacturer_Name" value="Vishay-Dale" constant="no"/></technology></technologies></device></devices></deviceset><deviceset name="WB_GND" prefix=""><gates><gate name="1" addlevel="always" y="0" x="0" symbol="WB_GND@1"/></gates><devices><device name="WB_GND" package="WB_GND"><connects><connect pad="1" pin="1@1" gate="1"/></connects><technologies><technology name=""><attribute name="Value" value="Value" constant="no"/><attribute name="Manufacturer_Part_Number" value="WB_GND" constant="no"/><attribute name="Manufacturer_Name" value="WB_GND" constant="no"/><attribute name="PowerPortType" value="POWER_GROUND" constant="no"/></technology></technologies></device></devices></deviceset><deviceset name="VLP8040T-3R3N" prefix=""><gates><gate name="1" addlevel="always" y="0" x="0" symbol="VLP8040T-3R3N@1"/></gates><devices><device name="VLP8040T-3R3N" package="VLP8040"><connects><connect pad="1" pin="1@1" gate="1"/><connect pad="2" pin="2@2" gate="1"/></connects><technologies><technology name=""><attribute name="Datasheet_URL" value="http://www.tdk.co.jp/tjfx01/j531_vlp.pdf" constant="no"/><attribute name="L" value="3.3E-6" constant="no"/><attribute name="DCR" value="0.02" constant="no"/><attribute name="IDC" value="5.2" constant="no"/><attribute name="Manufacturer_Part_Number" value="VLP8040T-3R3N" constant="no"/><attribute name="Vendor" value="TDK" constant="no"/><attribute name="Description" value="Unknown" constant="no"/><attribute name="PACKAGE_DESIGNATOR" value="VLP8040" constant="no"/><attribute name="Manufacturer" value="TDK" constant="no"/><attribute name="Manufacturer_Name" value="TDK" constant="no"/></technology></technologies></device></devices></deviceset><deviceset name="C3216X5R1E476M160AC" prefix="U"><gates><gate name="1" addlevel="always" y="0" x="0" symbol="C3216X5R1E476M160AC@1"/></gates><devices><device name="C3216X5R1E476M160AC" package="1206"><connects><connect pad="1" pin="1@1" gate="1"/><connect pad="2" pin="2@2" gate="1"/></connects><technologies><technology name=""><attribute name="RoHS" value="Y" constant="no"/><attribute name="Cap_F" value="0.000047" constant="no"/><attribute name="VDC_V" value="25" constant="no"/><attribute name="MountType" value="SMT" constant="no"/><attribute name="Manufacturer_Part_Number" value="C3216X5R1E476M160AC" constant="no"/><attribute name="Manufacturer_Name" value="TDK" constant="no"/></technology></technologies></device></devices></deviceset><deviceset name="RC0201FR-0756K2L" prefix=""><gates><gate name="1" addlevel="always" y="0" x="0" symbol="RC0201FR-0756K2L@1"/></gates><devices><device name="RC0201FR-0756K2L" package="0201"><connects><connect pad="1" pin="1@1" gate="1"/><connect pad="2" pin="2@2" gate="1"/></connects><technologies><technology name=""><attribute name="Datasheet_URL" value="http://www.yageo.com/documents/recent/PYu%2DRC%5FGroup%5F51%5FRoHS%5FL%5F5.pdf" constant="no"/><attribute name="Resistance" value="56200.0" constant="no"/><attribute name="Power" value="0.05" constant="no"/><attribute name="Tolerance" value="1.0" constant="no"/><attribute name="Manufacturer_Part_Number" value="RC0201FR-0756K2L" constant="no"/><attribute name="Vendor" value="Yageo America" constant="no"/><attribute name="Manufacturer_Name" value="Yageo" constant="no"/></technology></technologies></device></devices></deviceset><deviceset name="TPS563210ADDFR" prefix="U"><gates><gate name="1" addlevel="always" y="0" x="0" symbol="TPS563210ADDFR@1"/></gates><devices><device name="TPS563210ADDFR" package="DDF0008A_N"><connects><connect pad="1" pin="GND@1" gate="1"/><connect pad="2" pin="SW@2" gate="1"/><connect pad="3" pin="VIN@3" gate="1"/><connect pad="4" pin="PG@4" gate="1"/><connect pad="5" pin="SS@5" gate="1"/><connect pad="6" pin="VFB@6" gate="1"/><connect pad="7" pin="EN@7" gate="1"/><connect pad="8" pin="VBST@8" gate="1"/></connects><technologies><technology name=""><attribute name="PartNumber" value="TPS563210ADDFR" constant="no"/><attribute name="Manufacturer" value="Texas Instruments" constant="no"/><attribute name="RefDes" value="RefDes" constant="no"/><attribute name="TYPE" value="TYPE" constant="no"/><attribute name="Value" value="Value" constant="no"/><attribute name="Manufacturer_Part_Number" value="TPS563210ADDFR" constant="no"/><attribute name="Manufacturer_Name" value="Texas Instruments" constant="no"/></technology></technologies></device></devices></deviceset><deviceset name="WB_BATTERY" prefix=""><gates><gate name="1" addlevel="always" y="0" x="0" symbol="WB_BATTERY@1"/></gates><devices><device name="WB_BATTERY" package="WB_BATTERY"><connects><connect pad="1" pin="+@1" gate="1"/><connect pad="2" pin="-@2" gate="1"/></connects><technologies><technology name=""><attribute name="Value" value="Value" constant="no"/><attribute name="Manufacturer_Part_Number" value="WB_BATTERY" constant="no"/><attribute name="Manufacturer_Name" value="WB_BATTERY" constant="no"/><attribute name="PowerPortType" value="POWER_GROUND" constant="no"/></technology></technologies></device></devices></deviceset><deviceset name="GRM31CR61E106KA12L" prefix="U"><gates><gate name="1" addlevel="always" y="0" x="0" symbol="GRM31CR61E106KA12L@1"/></gates><devices><device name="GRM31CR61E106KA12L" package="1206_190"><connects><connect pad="1" pin="1@1" gate="1"/><connect pad="2" pin="2@2" gate="1"/></connects><technologies><technology name=""><attribute name="Cap_F" value="0.00001" constant="no"/><attribute name="ESR_ohm" value="0.004" constant="no"/><attribute name="VDC_V" value="25" constant="no"/><attribute name="Technology" value="Ceramic" constant="no"/><attribute name="Manufacturer_Part_Number" value="GRM31CR61E106KA12L" constant="no"/><attribute name="Manufacturer_Name" value="MuRata" constant="no"/></technology></technologies></device></devices></deviceset></devicesets></library></libraries><attributes/><variantdefs/><classes><class number="0" name="default" width="0" drill="0"/></classes><parts><part name="CSS" library="AcceleratedDesigns_Lib" device="GRM033R71A822KA01D" deviceset="GRM033R71A822KA01D" value="8.2nF"/><part name="GND" library="AcceleratedDesigns_Lib" device="WB_GND" deviceset="WB_GND" value="WB_GND"/><part name="CIN" library="AcceleratedDesigns_Lib" device="GRM31CR61E106KA12L" deviceset="GRM31CR61E106KA12L" value="10uF"/><part name="CBST" library="AcceleratedDesigns_Lib" device="C0603C104Z3VACTU" deviceset="C0603C104Z3VACTU" value="100nF"/><part name="RPG" library="AcceleratedDesigns_Lib" device="CRCW0402100KFKED" deviceset="CRCW0402100KFKED" value="100k"/><part name="RFBB" library="AcceleratedDesigns_Lib" device="RC0201FR-0710KL" deviceset="RC0201FR-0710KL" value="10k"/><part name="GND2" library="AcceleratedDesigns_Lib" device="WB_GND" deviceset="WB_GND" value="WB_GND"/><part name="L1" library="AcceleratedDesigns_Lib" device="VLP8040T-3R3N" deviceset="VLP8040T-3R3N" value="3.3uH"/><part name="COUT" library="AcceleratedDesigns_Lib" device="C3216X5R1E476M160AC" deviceset="C3216X5R1E476M160AC" value="47uF"/><part name="RFBT" library="AcceleratedDesigns_Lib" device="RC0201FR-0756K2L" deviceset="RC0201FR-0756K2L" value="56.2k"/><part name="U1" library="AcceleratedDesigns_Lib" device="TPS563210ADDFR" deviceset="TPS563210ADDFR" value="TPS563210ADDFR"/><part name="VIN" library="AcceleratedDesigns_Lib" device="WB_BATTERY" deviceset="WB_BATTERY" value="WB_BATTERY"/><part name="IOUT" library="AcceleratedDesigns_Lib" device="WB_CURRENT_LOAD" deviceset="WB_CURRENT_LOAD" value="WB_CURRENT_LOAD"/><part name="CIN_2" library="AcceleratedDesigns_Lib" device="GRM31CR61E106KA12L" deviceset="GRM31CR61E106KA12L" value="10uF"/></parts><sheets><sheet><plain/><instances><instance part="Css" gate="1" x="87.63" y="52.07" rot="R90" smashed="yes"><attribute name="NAME" x="90.678" y="56.388" size="2" layer="95" rot="R0" align="bottom-left"/><attribute name="VALUE" x="90.678" y="51.816" size="2" layer="96" rot="R0" align="bottom-left"/></instance><instance part="GND" gate="1" x="134.62" y="25.4" rot="R0" smashed="yes"><attribute name="NAME" x="134.62" y="30.988" size="2" layer="95" display="off" rot="R0" align="bottom-center"/></instance><instance part="Cin" gate="1" x="48.26" y="52.07" rot="R90" smashed="yes"><attribute name="NAME" x="51.308" y="56.388" size="2" layer="95" rot="R0" align="bottom-left"/><attribute name="VALUE" x="51.308" y="51.816" size="2" layer="96" rot="R0" align="bottom-left"/></instance><instance part="Cbst" gate="1" x="142.24" y="93.98" rot="R0" smashed="yes"><attribute name="NAME" x="142.24" y="100.076" size="2" layer="95" rot="R0" align="bottom-center"/><attribute name="VALUE" x="142.24" y="87.122" size="2" layer="96" rot="R0" align="bottom-center"/></instance><instance part="Rpg" gate="1" x="167.64" y="68.58" rot="R0" smashed="yes"><attribute name="NAME" x="167.64" y="73.152" size="2" layer="95" rot="R0" align="bottom-center"/><attribute name="VALUE" x="167.64" y="63.246" size="2" layer="96" rot="R0" align="bottom-center"/></instance><instance part="Rfbb" gate="1" x="220.98" y="44.45" rot="R90" smashed="yes"><attribute name="NAME" x="222.504" y="47.244" size="2" layer="95" rot="R0" align="bottom-left"/><attribute name="VALUE" x="222.504" y="42.672" size="2" layer="96" rot="R0" align="bottom-left"/></instance><instance part="GND2" gate="1" x="134.62" y="57.15" rot="R0" smashed="yes"><attribute name="NAME" x="134.62" y="62.738" size="2" layer="95" display="off" rot="R0" align="bottom-center"/></instance><instance part="L1" gate="1" x="170.18" y="85.09" rot="R0" smashed="yes"><attribute name="NAME" x="170.18" y="89.408" size="2" layer="95" rot="R0" align="bottom-center"/><attribute name="VALUE" x="170.18" y="80.01" size="2" layer="96" rot="R0" align="bottom-center"/></instance><instance part="Cout" gate="1" x="242.57" y="54.61" rot="R90" smashed="yes"><attribute name="NAME" x="245.618" y="58.928" size="2" layer="95" rot="R0" align="bottom-left"/><attribute name="VALUE" x="245.618" y="54.356" size="2" layer="96" rot="R0" align="bottom-left"/></instance><instance part="Rfbt" gate="1" x="220.98" y="69.85" rot="R90" smashed="yes"><attribute name="NAME" x="222.504" y="72.644" size="2" layer="95" rot="R0" align="bottom-left"/><attribute name="VALUE" x="222.504" y="68.072" size="2" layer="96" rot="R0" align="bottom-left"/></instance><instance part="U1" gate="1" x="111.76" y="74.93" rot="R0" smashed="yes"><attribute name="NAME" x="111.76" y="74.93" size="2" layer="95" rot="R0" align="bottom-center"/><attribute name="TYPE" x="111.76" y="71.12" size="2" layer="96" rot="R0" align="bottom-center"/></instance><instance part="Vin" gate="1" x="29.21" y="64.77" rot="R270" smashed="yes"><attribute name="NAME" x="33.02" y="69.85" size="2" layer="95" rot="R0" align="bottom-left"/></instance><instance part="Iout" gate="1" x="265.43" y="49.53" rot="R270" smashed="yes"><attribute name="NAME" x="269.494" y="54.864" size="2" layer="95" rot="R0" align="bottom-left"/></instance><instance part="Cin_2" gate="1" x="66.04" y="52.07" rot="R90" smashed="yes"><attribute name="NAME" x="69.088" y="56.388" size="2" layer="95" rot="R0" align="bottom-left"/><attribute name="VALUE" x="69.088" y="51.816" size="2" layer="96" rot="R0" align="bottom-left"/></instance></instances><busses/><nets><net name="6" class="0"><segment><pinref part="Css" pin="1@1" gate="1"/><pinref part="U1" pin="SS@5" gate="1"/><wire x1="87.63" y1="59.69" x2="87.63" y2="67.31" width="0" layer="91"/><wire x1="87.63" y1="67.31" x2="88.9" y2="67.31" width="0" layer="91"/></segment></net><net name="0" class="0"><segment><pinref part="Css" pin="2@2" gate="1"/><pinref part="GND" pin="1@1" gate="1"/><pinref part="Cin" pin="2@2" gate="1"/><pinref part="Rfbb" pin="2@2" gate="1"/><pinref part="GND2" pin="1@1" gate="1"/><pinref part="Cout" pin="2@2" gate="1"/><pinref part="U1" pin="GND@1" gate="1"/><pinref part="Vin" pin="-@2" gate="1"/><pinref part="Iout" pin="-@2" gate="1"/><pinref part="Cin_2" pin="2@2" gate="1"/><wire x1="134.62" y1="62.23" x2="134.62" y2="59.69" width="0" layer="91"/><wire x1="242.57" y1="29.21" x2="242.57" y2="46.99" width="0" layer="91"/><wire x1="134.62" y1="29.21" x2="134.62" y2="27.94" width="0" layer="91"/><wire x1="220.98" y1="36.83" x2="220.98" y2="29.21" width="0" layer="91"/><wire x1="48.26" y1="44.45" x2="48.26" y2="29.21" width="0" layer="91"/><wire x1="87.63" y1="44.45" x2="87.63" y2="29.21" width="0" layer="91"/><wire x1="29.21" y1="29.21" x2="265.43" y2="29.21" width="0" layer="91"/><wire x1="29.21" y1="29.21" x2="29.21" y2="57.15" width="0" layer="91"/><wire x1="265.43" y1="29.21" x2="265.43" y2="41.91" width="0" layer="91"/><wire x1="48.26" y1="44.45" x2="66.04" y2="44.45" width="0" layer="91"/></segment></net><net name="3" class="0"><segment><pinref part="Cin" pin="1@1" gate="1"/><pinref part="U1" pin="VIN@3" gate="1"/><pinref part="U1" pin="EN@7" gate="1"/><pinref part="Vin" pin="+@1" gate="1"/><pinref part="Cin_2" pin="1@1" gate="1"/><wire x1="48.26" y1="85.09" x2="48.26" y2="59.69" width="0" layer="91"/><wire x1="87.63" y1="77.47" x2="87.63" y2="85.09" width="0" layer="91"/><wire x1="88.9" y1="77.47" x2="87.63" y2="77.47" width="0" layer="91"/><wire x1="29.21" y1="85.09" x2="88.9" y2="85.09" width="0" layer="91"/><wire x1="29.21" y1="72.39" x2="29.21" y2="85.09" width="0" layer="91"/><wire x1="48.26" y1="59.69" x2="66.04" y2="59.69" width="0" layer="91"/></segment></net><net name="5" class="0"><segment><pinref part="Cbst" pin="1@1" gate="1"/><pinref part="L1" pin="1@1" gate="1"/><pinref part="U1" pin="SW@2" gate="1"/><wire x1="158.75" y1="93.98" x2="149.86" y2="93.98" width="0" layer="91"/><wire x1="158.75" y1="93.98" x2="158.75" y2="77.47" width="0" layer="91"/><wire x1="158.75" y1="85.09" x2="162.56" y2="85.09" width="0" layer="91"/><wire x1="134.62" y1="77.47" x2="158.75" y2="77.47" width="0" layer="91"/></segment></net><net name="7" class="0"><segment><pinref part="Cbst" pin="2@2" gate="1"/><pinref part="U1" pin="VBST@8" gate="1"/><wire x1="134.62" y1="93.98" x2="134.62" y2="85.09" width="0" layer="91"/></segment></net><net name="4" class="0"><segment><pinref part="Rpg" pin="1@1" gate="1"/><pinref part="L1" pin="2@2" gate="1"/><pinref part="Cout" pin="1@1" gate="1"/><pinref part="Rfbt" pin="1@1" gate="1"/><pinref part="Iout" pin="+@1" gate="1"/><wire x1="220.98" y1="77.47" x2="220.98" y2="85.09" width="0" layer="91"/><wire x1="187.96" y1="68.58" x2="187.96" y2="85.09" width="0" layer="91"/><wire x1="187.96" y1="68.58" x2="175.26" y2="68.58" width="0" layer="91"/><wire x1="242.57" y1="62.23" x2="242.57" y2="85.09" width="0" layer="91"/><wire x1="177.8" y1="85.09" x2="265.43" y2="85.09" width="0" layer="91"/><wire x1="265.43" y1="57.15" x2="265.43" y2="85.09" width="0" layer="91"/></segment></net><net name="1" class="0"><segment><pinref part="Rpg" pin="2@2" gate="1"/><pinref part="U1" pin="PG@4" gate="1"/><wire x1="134.62" y1="72.39" x2="151.13" y2="72.39" width="0" layer="91"/><wire x1="151.13" y1="72.39" x2="151.13" y2="68.58" width="0" layer="91"/><wire x1="160.02" y1="68.58" x2="151.13" y2="68.58" width="0" layer="91"/></segment></net><net name="2" class="0"><segment><pinref part="Rfbb" pin="1@1" gate="1"/><pinref part="Rfbt" pin="2@2" gate="1"/><pinref part="U1" pin="VFB@6" gate="1"/><wire x1="142.24" y1="59.69" x2="220.98" y2="59.69" width="0" layer="91"/><wire x1="142.24" y1="59.69" x2="142.24" y2="67.31" width="0" layer="91"/><wire x1="134.62" y1="67.31" x2="142.24" y2="67.31" width="0" layer="91"/><wire x1="220.98" y1="62.23" x2="220.98" y2="52.07" width="0" layer="91"/></segment></net></nets></sheet></sheets></schematic></drawing></eagle>
