<eagle version="6.4"><drawing><settings><setting alwaysvectorfont="no" verticaltext="up"/></settings><grid altunit="inch" altunitdist="inch" altdistance="0.025" display="no" multiple="1" style="lines" unit="inch" unitdist="inch" distance="0.05"/><layers><layer active="yes" visible="yes" fill="1" color="1" name="Reference" number="49"/><layer active="yes" visible="yes" fill="1" color="6" name="tPlace" number="25"/><layer active="yes" visible="yes" fill="1" color="2" name="tDocu" number="21"/><layer active="yes" visible="yes" fill="1" color="2" name="tCream" number="31"/><layer active="yes" visible="yes" fill="1" color="4" name="TOP" number="1"/><layer active="yes" visible="yes" fill="1" color="15" name="tStop" number="29"/><layer active="yes" visible="yes" fill="1" color="1" name="BOTTOM" number="16"/><layer active="yes" visible="yes" fill="1" color="7" name="bStop" number="30"/><layer active="yes" visible="yes" fill="1" color="7" name="bCream" number="32"/><layer active="yes" visible="yes" fill="1" color="3" name="bDocu" number="22"/><layer active="yes" visible="yes" fill="1" color="3" name="bPlace" number="26"/><layer active="yes" visible="yes" fill="1" color="5" name="Holes" number="45"/><layer active="yes" visible="yes" fill="1" color="5" name="Info" number="97"/><layer active="yes" visible="yes" fill="1" color="5" name="Guide" number="98"/><layer active="yes" visible="yes" fill="1" color="4" name="tValues" number="27"/><layer active="yes" visible="yes" fill="1" color="4" name="bValues" number="28"/><layer active="yes" visible="yes" fill="1" color="4" name="INTERNAL1" number="2"/><layer active="yes" visible="yes" fill="1" color="6" name="INTERNAL2" number="3"/><layer active="yes" visible="yes" fill="1" color="5" name="INTERNAL3" number="4"/><layer active="yes" visible="yes" fill="1" color="5" name="INTERNAL4" number="5"/><layer active="yes" visible="yes" fill="1" color="1" name="INTERNAL5" number="6"/><layer active="yes" visible="yes" fill="1" color="1" name="INTERNAL6" number="7"/><layer active="yes" visible="yes" fill="1" color="1" name="INTERNAL7" number="8"/><layer active="yes" visible="yes" fill="1" color="1" name="INTERNAL8" number="9"/><layer active="yes" visible="yes" fill="1" color="2" name="Values" number="96"/><layer active="yes" visible="yes" fill="1" color="1" name="FAB" number="49"/><layer active="yes" visible="yes" fill="1" color="1" name="ASSEMBLY_DETAIL" number="49"/><layer active="yes" visible="yes" fill="1" color="1" name="BOARD_OUTLINE" number="49"/><layer active="yes" visible="yes" fill="1" color="1" name="CopyRight" number="49"/><layer active="yes" visible="yes" fill="1" color="1" name="BRDOUT" number="20"/><layer active="yes" visible="yes" fill="1" color="1" name="NOTES" number="48"/><layer active="yes" visible="yes" fill="1" color="1" name="ASSYNOTES" number="21"/><layer active="yes" visible="yes" fill="1" color="1" name="STACKUP" number="46"/></layers><board><plain><wire layer="49" width="0.0254" y2="86.36" x2="25.4" y1="25.4" x1="25.4"/><wire layer="49" width="0.1016" y2="86.36" x2="25.4" y1="25.4" x1="25.4"/><wire layer="49" width="0.0254" y2="86.36" x2="76.2" y1="86.36" x1="25.4"/><wire layer="49" width="0.1016" y2="86.36" x2="76.2" y1="86.36" x1="25.4"/><wire layer="49" width="0.0254" y2="25.4" x2="76.2" y1="86.36" x1="76.2"/><wire layer="49" width="0.1016" y2="25.4" x2="76.2" y1="86.36" x1="76.2"/><wire layer="49" width="0.0254" y2="25.4" x2="25.4" y1="25.4" x1="76.2"/><wire layer="49" width="0.1016" y2="25.4" x2="25.4" y1="25.4" x1="76.2"/><text align="bottom-left" layer="21" size="1.778" y="77.724" x="32.258">Min.</text><text align="bottom-left" layer="21" size="1.778" y="83.312" x="28.702">Note:</text><text align="bottom-left" layer="21" size="1.778" y="77.724" x="36.576">Track Width : 10 mil</text><text align="bottom-left" layer="21" size="1.778" y="80.264" x="32.004">Min. Clearance: 10 mil</text><text align="bottom-left" layer="21" size="1.778" y="45.085" x="34.798">Cin</text></plain><libraries><library name="ultra-librarian"><packages><package name="0603"><smd layer="1" dx="0.6604" dy="0.9652" y="0" x="-0.6985" name="1"/><smd layer="1" dx="0.6604" dy="0.9652" y="0" x="0.6985" name="2"/><wire layer="25" width="0" y2="0.4826" x2="-0.3683" y1="-0.4826" x1="-0.3683"/><wire layer="25" width="0" y2="0.4826" x2="-0.8763" y1="0.4826" x1="-0.3683"/><wire layer="25" width="0" y2="-0.4826" x2="-0.8763" y1="0.4826" x1="-0.8763"/><wire layer="25" width="0" y2="-0.4826" x2="-0.3683" y1="-0.4826" x1="-0.8763"/><wire layer="25" width="0" y2="-0.4826" x2="0.3683" y1="0.4826" x1="0.3683"/><wire layer="25" width="0" y2="-0.4826" x2="0.8763" y1="-0.4826" x1="0.3683"/><wire layer="25" width="0" y2="0.4826" x2="0.8763" y1="-0.4826" x1="0.8763"/><wire layer="25" width="0" y2="0.4826" x2="0.3683" y1="0.4826" x1="0.8763"/><wire layer="25" width="0" y2="-0.4826" x2="0.8763" y1="-0.4826" x1="-0.8763"/><wire layer="25" width="0" y2="0.4826" x2="0.8763" y1="-0.4826" x1="0.8763"/><wire layer="25" width="0" y2="0.4826" x2="-0.8763" y1="0.4826" x1="0.8763"/><wire layer="25" width="0" y2="-0.4826" x2="-0.8763" y1="0.4826" x1="-0.8763"/></package><package name="0402"><smd layer="1" dx="0.5588" dy="0.6096" y="0" x="-0.4191" name="1"/><smd layer="1" dx="0.5588" dy="0.6096" y="0" x="0.4191" name="2"/><wire layer="25" width="0" y2="0.3048" x2="-0.1397" y1="-0.3048" x1="-0.1397"/><wire layer="25" width="0" y2="0.3048" x2="-0.5461" y1="0.3048" x1="-0.1397"/><wire layer="25" width="0" y2="-0.3048" x2="-0.5461" y1="0.3048" x1="-0.5461"/><wire layer="25" width="0" y2="-0.3048" x2="-0.1397" y1="-0.3048" x1="-0.5461"/><wire layer="25" width="0" y2="-0.3048" x2="0.1397" y1="0.3048" x1="0.1397"/><wire layer="25" width="0" y2="-0.3048" x2="0.5461" y1="-0.3048" x1="0.1397"/><wire layer="25" width="0" y2="0.3048" x2="0.5461" y1="-0.3048" x1="0.5461"/><wire layer="25" width="0" y2="0.3048" x2="0.1397" y1="0.3048" x1="0.5461"/><wire layer="25" width="0" y2="-0.3048" x2="0.5461" y1="-0.3048" x1="-0.5461"/><wire layer="25" width="0" y2="0.3048" x2="0.5461" y1="-0.3048" x1="0.5461"/><wire layer="25" width="0" y2="0.3048" x2="-0.5461" y1="0.3048" x1="0.5461"/><wire layer="25" width="0" y2="-0.3048" x2="-0.5461" y1="0.3048" x1="-0.5461"/></package><package name="1206_190"><smd layer="1" dx="1.1176" dy="1.8034" y="0" x="-1.4986" name="1"/><smd layer="1" dx="1.1176" dy="1.8034" y="0" x="1.4986" name="2"/><wire layer="25" width="0" y2="0.9017" x2="-0.9398" y1="-0.9017" x1="-0.9398"/><wire layer="25" width="0" y2="0.9017" x2="-1.7018" y1="0.9017" x1="-0.9398"/><wire layer="25" width="0" y2="-0.9017" x2="-1.7018" y1="0.9017" x1="-1.7018"/><wire layer="25" width="0" y2="-0.9017" x2="-0.9398" y1="-0.9017" x1="-1.7018"/><wire layer="25" width="0" y2="-0.9017" x2="0.9398" y1="0.9017" x1="0.9398"/><wire layer="25" width="0" y2="-0.9017" x2="1.7018" y1="-0.9017" x1="0.9398"/><wire layer="25" width="0" y2="0.9017" x2="1.7018" y1="-0.9017" x1="1.7018"/><wire layer="25" width="0" y2="0.9017" x2="0.9398" y1="0.9017" x1="1.7018"/><wire layer="21" width="0.1524" y2="-0.9017" x2="0.6071" y1="-0.9017" x1="-0.6071"/><wire layer="21" width="0.1524" y2="0.9017" x2="-0.6071" y1="0.9017" x1="0.6071"/><wire layer="25" width="0" y2="-0.9017" x2="1.7018" y1="-0.9017" x1="-1.7018"/><wire layer="25" width="0" y2="0.9017" x2="1.7018" y1="-0.9017" x1="1.7018"/><wire layer="25" width="0" y2="0.9017" x2="-1.7018" y1="0.9017" x1="1.7018"/><wire layer="25" width="0" y2="-0.9017" x2="-1.7018" y1="0.9017" x1="-1.7018"/></package><package name="1206L"><smd layer="1" dx="1.1" dy="1.75" y="0" x="-1.35" name="1"/><smd layer="1" dx="1.1" dy="1.75" y="0" x="1.35" name="2"/><wire layer="21" width="0.2" y2="-0.775" x2="0.4" y1="-0.775" x1="-0.4"/><wire layer="21" width="0.2" y2="0.775" x2="0.4" y1="0.775" x1="-0.4"/><wire layer="25" width="0.1" y2="-0.9" x2="1.7" y1="-0.9" x1="-1.7"/><wire layer="25" width="0.1" y2="0.9" x2="1.7" y1="0.9" x1="-1.7"/><wire layer="25" width="0.1" y2="0.9" x2="-1.7" y1="-0.9" x1="-1.7"/><wire layer="25" width="0.1" y2="0.9" x2="1.7" y1="-0.9" x1="1.7"/></package><package name="1206M"><smd layer="1" dx="1.5" dy="1.95" y="0" x="-1.55" name="1"/><smd layer="1" dx="1.5" dy="1.95" y="0" x="1.55" name="2"/><wire layer="21" width="0.1778" y2="-1.4351" x2="-1.3132" y1="-1.4351" x1="-2.7584"/><wire layer="21" width="0.1778" y2="1.4351" x2="-2.7584" y1="-1.4351" x1="-2.7584"/><wire layer="21" width="0.1778" y2="1.4351" x2="-1.303" y1="1.4351" x1="-2.7584"/><wire layer="21" width="0.1778" y2="-1.4351" x2="-2.7534" y1="-1.43" x1="-2.7584"/><wire layer="21" width="0.1778" y2="1.43" x2="2.761" y1="1.4351" x1="2.7559"/><wire layer="21" width="0.1778" y2="-1.4351" x2="2.761" y1="-1.4351" x1="1.3056"/><wire layer="21" width="0.1778" y2="1.4351" x2="2.761" y1="-1.4351" x1="2.761"/><wire layer="21" width="0.1778" y2="1.4351" x2="2.761" y1="1.4351" x1="1.3157"/><wire layer="25" width="0.1" y2="-0.9" x2="1.7" y1="-0.9" x1="-1.7"/><wire layer="25" width="0.1" y2="0.9" x2="1.7" y1="0.9" x1="-1.7"/><wire layer="25" width="0.1" y2="0.9" x2="-1.7" y1="-0.9" x1="-1.7"/><wire layer="25" width="0.1" y2="0.9" x2="1.7" y1="-0.9" x1="1.7"/></package><package name="0201"><smd layer="1" dx="0.3556" dy="0.3302" y="0" x="-0.2921" name="1"/><smd layer="1" dx="0.3556" dy="0.3302" y="0" x="0.2921" name="2"/><wire layer="25" width="0" y2="0.1651" x2="-0.1143" y1="-0.1651" x1="-0.1143"/><wire layer="25" width="0" y2="0.1651" x2="-0.3175" y1="0.1651" x1="-0.1143"/><wire layer="25" width="0" y2="-0.1651" x2="-0.3175" y1="0.1651" x1="-0.3175"/><wire layer="25" width="0" y2="-0.1651" x2="-0.1143" y1="-0.1651" x1="-0.3175"/><wire layer="25" width="0" y2="-0.1651" x2="0.1143" y1="0.1651" x1="0.1143"/><wire layer="25" width="0" y2="-0.1651" x2="0.3175" y1="-0.1651" x1="0.1143"/><wire layer="25" width="0" y2="0.1651" x2="0.3175" y1="-0.1651" x1="0.3175"/><wire layer="25" width="0" y2="0.1651" x2="0.1143" y1="0.1651" x1="0.3175"/><wire layer="25" width="0" y2="-0.1651" x2="0.3175" y1="-0.1651" x1="-0.3175"/><wire layer="25" width="0" y2="0.1651" x2="0.3175" y1="-0.1651" x1="0.3175"/><wire layer="25" width="0" y2="0.1651" x2="-0.3175" y1="0.1651" x1="0.3175"/><wire layer="25" width="0" y2="-0.1651" x2="-0.3175" y1="0.1651" x1="-0.3175"/></package><package name="1206"><smd layer="1" dx="1.1176" dy="1.8034" y="0" x="-1.4986" name="1"/><smd layer="1" dx="1.1176" dy="1.8034" y="0" x="1.4986" name="2"/><wire layer="25" width="0" y2="0.9017" x2="-0.9398" y1="-0.9017" x1="-0.9398"/><wire layer="25" width="0" y2="0.9017" x2="-1.7018" y1="0.9017" x1="-0.9398"/><wire layer="25" width="0" y2="-0.9017" x2="-1.7018" y1="0.9017" x1="-1.7018"/><wire layer="25" width="0" y2="-0.9017" x2="-0.9398" y1="-0.9017" x1="-1.7018"/><wire layer="25" width="0" y2="-0.9017" x2="0.9398" y1="0.9017" x1="0.9398"/><wire layer="25" width="0" y2="-0.9017" x2="1.7018" y1="-0.9017" x1="0.9398"/><wire layer="25" width="0" y2="0.9017" x2="1.7018" y1="-0.9017" x1="1.7018"/><wire layer="25" width="0" y2="0.9017" x2="0.9398" y1="0.9017" x1="1.7018"/><wire layer="21" width="0.1524" y2="-0.9017" x2="0.6071" y1="-0.9017" x1="-0.6071"/><wire layer="21" width="0.1524" y2="0.9017" x2="-0.6071" y1="0.9017" x1="0.6071"/><wire layer="25" width="0" y2="-0.9017" x2="1.7018" y1="-0.9017" x1="-1.7018"/><wire layer="25" width="0" y2="0.9017" x2="1.7018" y1="-0.9017" x1="1.7018"/><wire layer="25" width="0" y2="0.9017" x2="-1.7018" y1="0.9017" x1="1.7018"/><wire layer="25" width="0" y2="-0.9017" x2="-1.7018" y1="0.9017" x1="-1.7018"/></package><package name="VLP8040"><smd layer="1" dx="3.302" dy="8.2042" y="0" x="-2.3495" name="1"/><smd layer="1" dx="3.302" dy="8.2042" y="0" x="2.3495" name="2"/><circle layer="25" width="0.1016" radius="0.0762" y="0" x="-4.7625"/><circle layer="21" width="0.1016" radius="0.0762" y="0" x="-4.7625"/><wire layer="21" width="0.1524" y2="-4.3561" x2="0.4836" y1="-4.3561" x1="-0.4836"/><wire layer="21" width="0.1524" y2="4.3561" x2="-0.4836" y1="4.3561" x1="0.4836"/><wire layer="25" width="0" y2="-4.3561" x2="4.3053" y1="-4.3561" x1="-4.3053"/><wire layer="25" width="0" y2="4.3561" x2="4.3053" y1="-4.3561" x1="4.3053"/><wire layer="25" width="0" y2="4.3561" x2="-4.3053" y1="4.3561" x1="4.3053"/><wire layer="25" width="0" y2="-4.3561" x2="-4.3053" y1="4.3561" x1="-4.3053"/></package><package name="TP-1502"><pad shape="round" drill="0.8128" y="0" x="0" name="1"/></package><package name="DDF0008A_N"><smd layer="1" dx="1" dy="0.45" y="0.975" x="-1.35" name="1"/><smd layer="1" dx="1" dy="0.45" y="0.325" x="-1.35" name="2"/><smd layer="1" dx="1" dy="0.45" y="-0.325" x="-1.35" name="3"/><smd layer="1" dx="1" dy="0.45" y="-0.975" x="-1.35" name="4"/><smd layer="1" dx="1" dy="0.45" y="-0.975" x="1.35" name="5"/><smd layer="1" dx="1" dy="0.45" y="-0.325" x="1.35" name="6"/><smd layer="1" dx="1" dy="0.45" y="0.325" x="1.35" name="7"/><smd layer="1" dx="1" dy="0.45" y="0.975" x="1.35" name="8"/><wire layer="25" width="0.1" y2="-1.5" x2="0.85" y1="-1.5" x1="-0.85"/><wire layer="25" width="0.1" y2="1.5" x2="0.85" y1="1.5" x1="-0.85"/><wire layer="25" width="0.1" y2="1.5" x2="0.85" y1="-1.5" x1="0.85"/><wire layer="25" width="0.1" y2="1.5" x2="-0.85" y1="-1.5" x1="-0.85"/><wire layer="21" width="0.2" y2="1.5" x2="0.8" y1="1.5" x1="-1.7"/><wire layer="21" width="0.2" y2="-1.5" x2="0.8" y1="-1.5" x1="-0.8"/><circle layer="25" width="0.1016" radius="0.2" y="1.1" x="-0.5"/></package><package name="DDF0008A_M"><smd layer="1" dx="1.2" dy="0.45" y="0.975" x="-1.45" name="1"/><smd layer="1" dx="1.2" dy="0.45" y="0.325" x="-1.45" name="2"/><smd layer="1" dx="1.2" dy="0.45" y="-0.325" x="-1.45" name="3"/><smd layer="1" dx="1.2" dy="0.45" y="-0.975" x="-1.45" name="4"/><smd layer="1" dx="1.2" dy="0.45" y="-0.975" x="1.45" name="5"/><smd layer="1" dx="1.2" dy="0.45" y="-0.325" x="1.45" name="6"/><smd layer="1" dx="1.2" dy="0.45" y="0.325" x="1.45" name="7"/><smd layer="1" dx="1.2" dy="0.45" y="0.975" x="1.45" name="8"/><wire layer="25" width="0.1" y2="-1.5" x2="0.85" y1="-1.5" x1="-0.85"/><wire layer="25" width="0.1" y2="1.5" x2="0.85" y1="1.5" x1="-0.85"/><wire layer="25" width="0.1" y2="1.5" x2="0.85" y1="-1.5" x1="0.85"/><wire layer="25" width="0.1" y2="1.5" x2="-0.85" y1="-1.5" x1="-0.85"/><wire layer="21" width="0.2" y2="1.5" x2="0.85" y1="1.5" x1="-1.875"/><wire layer="21" width="0.2" y2="-1.5" x2="0.825" y1="-1.5" x1="-0.825"/><circle layer="25" width="0.1016" radius="0.2" y="1.1" x="-0.5"/></package><package name="DDF0008A_L"><smd layer="1" dx="0.8" dy="0.45" y="0.975" x="-1.25" name="1"/><smd layer="1" dx="0.8" dy="0.45" y="0.325" x="-1.25" name="2"/><smd layer="1" dx="0.8" dy="0.45" y="-0.325" x="-1.25" name="3"/><smd layer="1" dx="0.8" dy="0.45" y="-0.975" x="-1.25" name="4"/><smd layer="1" dx="0.8" dy="0.45" y="-0.975" x="1.25" name="5"/><smd layer="1" dx="0.8" dy="0.45" y="-0.325" x="1.25" name="6"/><smd layer="1" dx="0.8" dy="0.45" y="0.325" x="1.25" name="7"/><smd layer="1" dx="0.8" dy="0.45" y="0.975" x="1.25" name="8"/><wire layer="25" width="0.1" y2="-1.5" x2="0.85" y1="-1.5" x1="-0.85"/><wire layer="25" width="0.1" y2="1.5" x2="0.85" y1="1.5" x1="-0.85"/><wire layer="25" width="0.1" y2="1.5" x2="0.85" y1="-1.5" x1="0.85"/><wire layer="25" width="0.1" y2="1.5" x2="-0.85" y1="-1.5" x1="-0.85"/><wire layer="21" width="0.2" y2="-1.5" x2="0.8" y1="-1.5" x1="-0.8"/><wire layer="21" width="0.2" y2="1.5" x2="0.8" y1="1.5" x1="-1.6"/><circle layer="25" width="0.1016" radius="0.1" y="1.1" x="-0.5"/></package><package name="RC0201FR-0756K2L"><smd layer="1" dx="0.3556" dy="0.3302" y="0" x="-0.2921" name="1"/><smd layer="1" dx="0.3556" dy="0.3302" y="0" x="0.2921" name="2"/><wire layer="25" width="0" y2="0.1651" x2="-0.1143" y1="-0.1651" x1="-0.1143"/><wire layer="25" width="0" y2="0.1651" x2="-0.3175" y1="0.1651" x1="-0.1143"/><wire layer="25" width="0" y2="-0.1651" x2="-0.3175" y1="0.1651" x1="-0.3175"/><wire layer="25" width="0" y2="-0.1651" x2="-0.1143" y1="-0.1651" x1="-0.3175"/><wire layer="25" width="0" y2="-0.1651" x2="0.1143" y1="0.1651" x1="0.1143"/><wire layer="25" width="0" y2="-0.1651" x2="0.3175" y1="-0.1651" x1="0.1143"/><wire layer="25" width="0" y2="0.1651" x2="0.3175" y1="-0.1651" x1="0.3175"/><wire layer="25" width="0" y2="0.1651" x2="0.1143" y1="0.1651" x1="0.3175"/><wire layer="25" width="0" y2="-0.1651" x2="0.3175" y1="-0.1651" x1="-0.3175"/><wire layer="25" width="0" y2="0.1651" x2="0.3175" y1="-0.1651" x1="0.3175"/><wire layer="25" width="0" y2="0.1651" x2="-0.3175" y1="0.1651" x1="0.3175"/><wire layer="25" width="0" y2="-0.1651" x2="-0.3175" y1="0.1651" x1="-0.3175"/></package><package name="RC0201FR-0710KL"><smd layer="1" dx="0.3556" dy="0.3302" y="0" x="-0.2921" name="1"/><smd layer="1" dx="0.3556" dy="0.3302" y="0" x="0.2921" name="2"/><wire layer="25" width="0" y2="0.1651" x2="-0.1143" y1="-0.1651" x1="-0.1143"/><wire layer="25" width="0" y2="0.1651" x2="-0.3175" y1="0.1651" x1="-0.1143"/><wire layer="25" width="0" y2="-0.1651" x2="-0.3175" y1="0.1651" x1="-0.3175"/><wire layer="25" width="0" y2="-0.1651" x2="-0.1143" y1="-0.1651" x1="-0.3175"/><wire layer="25" width="0" y2="-0.1651" x2="0.1143" y1="0.1651" x1="0.1143"/><wire layer="25" width="0" y2="-0.1651" x2="0.3175" y1="-0.1651" x1="0.1143"/><wire layer="25" width="0" y2="0.1651" x2="0.3175" y1="-0.1651" x1="0.3175"/><wire layer="25" width="0" y2="0.1651" x2="0.1143" y1="0.1651" x1="0.3175"/><wire layer="25" width="0" y2="-0.1651" x2="0.3175" y1="-0.1651" x1="-0.3175"/><wire layer="25" width="0" y2="0.1651" x2="0.3175" y1="-0.1651" x1="0.3175"/><wire layer="25" width="0" y2="0.1651" x2="-0.3175" y1="0.1651" x1="0.3175"/><wire layer="25" width="0" y2="-0.1651" x2="-0.3175" y1="0.1651" x1="-0.3175"/></package></packages></library></libraries><designrules name="custom"><param name="layerSetup" value="((1*2)+(15*16))"/></designrules><elements><element rot="SR270" y="50.7238" x="60.8838" value="" package="0603" library="ultra-librarian" name="Cbst"><attribute align="bottom-left" display="value" layer="51" size="1.778" y="50.3682" x="64.3636" value="Cbst" name="RefDes"/><attribute align="bottom-left" display="off" layer="51" size="1.778" y="50.3682" x="64.3636" value="C0603C104Z3VACTU" name="Type"/></element><element rot="R90" y="42.3164" x="51.5874" value="" package="0402" library="ultra-librarian" name="Rpg"><attribute align="bottom-left" display="value" layer="51" size="1.778" y="42.164" x="46.99" value="Rpg" name="RefDes"/><attribute align="bottom-left" display="off" layer="51" size="1.778" y="42.164" x="46.99" value="CRCW0402100KFKED" name="Type"/></element><element rot="R90" y="47.3456" x="39.7764" value="" package="1206_190" library="ultra-librarian" name="Cin_1"/><element rot="R90" y="47.3456" x="35.8394" value="" package="1206_190" library="ultra-librarian" name="Cin_2"/><element rot="SR270" y="42.0624" x="54.1274" value="" package="0201" library="ultra-librarian" name="Css"><attribute align="bottom-left" display="value" rot="R90" layer="51" size="1.778" y="36.322" x="54.61" value="Css" name="RefDes"/><attribute align="bottom-left" display="off" rot="R90" layer="51" size="1.778" y="36.322" x="54.61" value="GRM033R71A822KA01D" name="Type"/></element><element rot="SR270" y="58.928" x="39.6748" value="" package="1206" library="ultra-librarian" name="Cout"><attribute align="bottom-left" display="value" layer="51" size="1.778" y="61.722" x="37.592" value="Cout" name="RefDes"/><attribute align="bottom-left" display="off" layer="51" size="1.778" y="61.722" x="37.592" value="C3216X5R1E476M160AC" name="Type"/></element><element rot="R90" y="58.928" x="53.213" value="" package="VLP8040" library="ultra-librarian" name="L1"><attribute align="bottom-left" display="value" layer="51" size="1.778" y="69.342" x="48.387" value="L1" name="RefDes"/><attribute align="bottom-left" display="off" layer="51" size="1.778" y="69.342" x="48.387" value="VLP8040T-3R3N" name="Type"/></element><element rot="R90" y="42.2656" x="56.9468" value="" package="0201" library="ultra-librarian" name="Rfbt"><attribute align="bottom-left" display="value" layer="51" size="1.778" y="42.164" x="59.69" value="Rfbt" name="RefDes"/><attribute align="bottom-left" display="off" layer="51" size="1.778" y="42.164" x="59.69" value="RC0201FR-0756K2L" name="Type"/></element><element y="45.7708" x="57.0738" value="" package="0201" library="ultra-librarian" name="Rfbb"><attribute align="bottom-left" display="value" layer="51" size="1.778" y="45.212" x="60.452" value="Rfbb" name="RefDes"/><attribute align="bottom-left" display="off" layer="51" size="1.778" y="45.212" x="60.452" value="RC0201FR-0710KL" name="Type"/></element><element rot="R90" y="43.1292" x="28.448" value="" package="TP-1502" library="ultra-librarian" name="VIN"><attribute align="bottom-left" display="value" layer="51" size="1.778" y="42.545" x="30.734" value="VIN" name="RefDes"/><attribute align="bottom-left" display="off" layer="51" size="1.778" y="42.545" x="30.734" value="TP-1502" name="Type"/></element><element rot="R90" y="50.0126" x="28.448" value="" package="TP-1502" library="ultra-librarian" name="GND"><attribute align="bottom-left" display="value" layer="51" size="1.778" y="49.53" x="30.734" value="GND" name="RefDes"/><attribute align="bottom-left" display="off" layer="51" size="1.778" y="49.53" x="30.734" value="TP-1502" name="Type"/></element><element rot="R90" y="66.7766" x="28.575" value="" package="TP-1502" library="ultra-librarian" name="VOUT"><attribute align="bottom-left" display="value" layer="51" size="1.778" y="66.294" x="31.115" value="VOUT" name="RefDes"/><attribute align="bottom-left" display="off" layer="51" size="1.778" y="66.294" x="31.115" value="TP-1502" name="Type"/></element><element rot="R90" y="56.3626" x="28.448" value="" package="TP-1502" library="ultra-librarian" name="GND1"><attribute align="bottom-left" display="value" layer="51" size="1.778" y="55.88" x="30.734" value="GND1" name="RefDes"/><attribute align="bottom-left" display="off" layer="51" size="1.778" y="55.88" x="30.734" value="TP-1502" name="Type"/></element><element y="47.625" x="52.4256" value="" package="DDF0008A_N" library="ultra-librarian" name="U1"><attribute align="bottom-left" display="value" layer="51" size="1.778" y="49.657" x="52.324" value="U1" name="RefDes"/><attribute align="bottom-left" display="off" layer="51" size="1.778" y="49.657" x="52.324" value="TPS563210ADDFR" name="Type"/></element></elements><signals><signal name="3"><wire layer="1" width="0.4318" y2="45.8978" x2="48.6918" y1="45.8978" x1="39.624"/><wire layer="1" width="0.381" y2="45.8978" x2="28.8798" y1="45.466" x1="28.448"/><wire layer="1" width="0.381" y2="45.8978" x2="39.624" y1="45.8978" x1="28.8798"/><wire layer="1" width="0.381" y2="45.8978" x2="39.624" y1="44.7802" x1="39.624"/><wire layer="1" width="0.4318" y2="47.3202" x2="50.1142" y1="45.8978" x1="48.6918"/><wire layer="1" width="0.4318" y2="47.3202" x2="51.1556" y1="47.3202" x1="50.1142"/><wire layer="1" width="0.381" y2="45.466" x2="28.448" y1="43.18" x1="28.448"/><wire layer="1" width="0.381" y2="47.9806" x2="54.864" y1="47.9552" x1="54.8386"/><wire layer="1" width="0.381" y2="47.9552" x2="54.8386" y1="47.9552" x1="53.4162"/><polygon spacing="0.254" layer="1" width="0" rank="2"><vertex y="47.244" x="50.038"/><vertex y="30.48" x="50.038"/><vertex y="30.48" x="26.162"/><vertex y="47.244" x="26.162"/></polygon><wire layer="16" width="0.381" y2="47.9806" x2="54.864" y1="45.72" x1="54.864"/><wire layer="16" width="0.381" y2="45.72" x2="54.864" y1="44.704" x1="53.848"/><wire layer="16" width="0.381" y2="44.704" x2="53.848" y1="44.704" x1="39.7002"/><via shape="round" drill="0.254" diameter="0.6096" extent="1-16" y="44.7802" x="39.624"/><via shape="round" drill="0.254" diameter="0.6096" extent="1-16" y="47.9806" x="54.864"/><via shape="round" drill="1.016" diameter="2.032" extent="1-16" y="43.18" x="28.448"/><contactref pad="1" element="Cin_1"/><contactref pad="1" element="Cin_2"/><contactref pad="1" element="VIN"/><contactref pad="3" element="U1"/><contactref pad="7" element="U1"/></signal><signal name="0"><wire layer="1" width="0.381" y2="57.4548" x2="34.8488" y1="56.388" x1="33.782"/><wire layer="1" width="0.381" y2="57.4548" x2="39.243" y1="57.4548" x1="34.8488"/><wire layer="1" width="0.381" y2="54.864" x2="39.624" y1="48.8188" x1="39.624"/><wire layer="1" width="0.381" y2="54.864" x2="39.624" y1="55.245" x1="39.243"/><wire layer="1" width="0.381" y2="57.4548" x2="39.243" y1="55.245" x1="39.243"/><wire layer="1" width="0.381" y2="48.8442" x2="39.624" y1="48.8188" x1="39.624"/><wire layer="1" width="0.381" y2="48.8442" x2="46.7614" y1="48.8442" x1="39.624"/><wire layer="1" width="0.381" y2="48.8442" x2="47.5742" y1="48.8442" x1="46.7614"/><wire layer="1" width="0.381" y2="48.6156" x2="47.7774" y1="48.8442" x1="47.5742"/><wire layer="1" width="0.381" y2="48.6156" x2="51.1556" y1="48.6156" x1="47.7774"/><wire layer="1" width="0.381" y2="48.8188" x2="29.6418" y1="50.038" x1="28.448"/><wire layer="1" width="0.381" y2="48.8188" x2="39.624" y1="48.8188" x1="29.6418"/><wire layer="1" width="0.381" y2="56.388" x2="33.782" y1="56.388" x1="28.448"/><wire layer="1" width="0.381" y2="45.7708" x2="59.8424" y1="45.7708" x1="58.039"/><wire layer="1" width="0.381" y2="41.4274" x2="54.102" y1="39.9034" x1="54.102"/><wire layer="1" width="0.254" y2="45.7581" x2="58.4962" y1="45.7581" x1="57.5564"/><wire layer="1" width="0.254" y2="41.8846" x2="54.0893" y1="40.9448" x1="54.0893"/><polygon spacing="0.254" layer="1" width="0" rank="6"><vertex y="58.801" x="26.162"/><vertex y="58.801" x="41.656"/><vertex y="49.276" x="41.656"/><vertex y="49.276" x="51.943"/><vertex y="48.514" x="51.943"/><vertex y="48.514" x="48.006"/><vertex y="47.498" x="48.006"/><vertex y="47.498" x="26.162"/></polygon><polygon spacing="0.254" layer="16" width="0" rank="5"><vertex y="85.598" x="26.162"/><vertex y="26.162" x="26.162"/><vertex y="26.162" x="75.438"/><vertex y="85.598" x="75.438"/></polygon><via shape="round" drill="0.254" diameter="0.6096" extent="1-16" y="39.9034" x="54.102"/><via shape="round" drill="0.254" diameter="0.6096" extent="1-16" y="48.8442" x="47.5742"/><via shape="round" drill="0.254" diameter="0.6096" extent="1-16" y="48.8442" x="46.7614"/><via shape="round" drill="0.254" diameter="0.6096" extent="1-16" y="54.1274" x="33.655"/><via shape="round" drill="0.254" diameter="0.6096" extent="1-16" y="54.1274" x="34.7218"/><via shape="round" drill="0.254" diameter="0.6096" extent="1-16" y="54.1274" x="35.8902"/><via shape="round" drill="0.254" diameter="0.6096" extent="1-16" y="54.102" x="36.957"/><via shape="round" drill="0.254" diameter="0.6096" extent="1-16" y="54.102" x="38.0492"/><via shape="round" drill="0.254" diameter="0.6096" extent="1-16" y="54.102" x="39.0906"/><via shape="round" drill="0.254" diameter="0.6096" extent="1-16" y="54.1274" x="40.1574"/><via shape="round" drill="0.254" diameter="0.6096" extent="1-16" y="54.1528" x="41.1734"/><via shape="round" drill="0.254" diameter="0.6096" extent="1-16" y="51.0286" x="33.3756"/><via shape="round" drill="0.254" diameter="0.6096" extent="1-16" y="51.0032" x="34.3408"/><via shape="round" drill="0.254" diameter="0.6096" extent="1-16" y="51.0286" x="35.3568"/><via shape="round" drill="0.254" diameter="0.6096" extent="1-16" y="51.0286" x="36.322"/><via shape="round" drill="0.254" diameter="0.6096" extent="1-16" y="51.0032" x="37.338"/><via shape="round" drill="0.254" diameter="0.6096" extent="1-16" y="51.0286" x="38.3032"/><via shape="round" drill="0.254" diameter="0.6096" extent="1-16" y="51.0032" x="39.2684"/><via shape="round" drill="0.254" diameter="0.6096" extent="1-16" y="51.0032" x="40.2082"/><via shape="round" drill="0.254" diameter="0.6096" extent="1-16" y="51.0032" x="41.1734"/><via shape="round" drill="0.254" diameter="0.6096" extent="1-16" y="45.7708" x="59.8424"/><via shape="round" drill="1.016" diameter="2.032" extent="1-16" y="50.038" x="28.448"/><via shape="round" drill="1.016" diameter="2.032" extent="1-16" y="56.388" x="28.448"/><contactref pad="2" element="Cin_1"/><contactref pad="2" element="Cin_2"/><contactref pad="2" element="Css"/><contactref pad="2" element="Cout"/><contactref pad="2" element="Rfbb"/><contactref pad="1" element="GND"/><contactref pad="1" element="GND1"/><contactref pad="1" element="U1"/></signal><signal name="4"><wire layer="1" width="0.381" y2="60.3758" x2="39.243" y1="60.3758" x1="29.3878"/><wire layer="1" width="0.381" y2="60.3758" x2="29.3878" y1="61.214" x1="28.575"/><wire layer="1" width="0.381" y2="61.087" x2="43.18" y1="60.3758" x1="42.4688"/><wire layer="1" width="0.381" y2="60.3758" x2="42.4688" y1="60.3758" x1="39.243"/><wire layer="1" width="0.381" y2="41.4274" x2="56.7944" y1="39.2684" x1="56.7944"/><wire layer="1" width="0.381" y2="39.2684" x2="56.7944" y1="38.862" x1="56.388"/><wire layer="1" width="0.381" y2="38.862" x2="56.388" y1="38.862" x1="51.816"/><wire layer="1" width="0.381" y2="64.1604" x2="49.276" y1="64.1604" x1="44.2214"/><wire layer="1" width="0.381" y2="64.1604" x2="44.2214" y1="63.119" x1="43.18"/><wire layer="1" width="0.381" y2="63.119" x2="43.18" y1="61.087" x1="43.18"/><wire layer="1" width="0.381" y2="66.802" x2="28.575" y1="61.214" x1="28.575"/><wire layer="1" width="0.381" y2="41.4274" x2="51.435" y1="39.9288" x1="51.435"/><wire layer="1" width="0.381" y2="38.862" x2="51.816" y1="39.243" x1="51.435"/><wire layer="1" width="0.381" y2="39.9288" x2="51.435" y1="39.243" x1="51.435"/><wire layer="1" width="0.254" y2="41.8846" x2="56.7817" y1="40.9448" x1="56.7817"/><wire layer="1" width="0.254" y2="41.8846" x2="51.4223" y1="40.9448" x1="51.4223"/><polygon spacing="0.254" layer="1" width="0" rank="4"><vertex y="59.055" x="26.162"/><vertex y="59.055" x="57.658"/><vertex y="73.66" x="57.658"/><vertex y="73.66" x="26.162"/></polygon><wire layer="16" width="0.381" y2="39.9288" x2="33.9852" y1="41.91" x1="32.004"/><wire layer="16" width="0.381" y2="39.9288" x2="51.435" y1="39.9288" x1="33.9852"/><wire layer="16" width="0.381" y2="66.04" x2="32.004" y1="66.802" x1="31.242"/><wire layer="16" width="0.381" y2="66.802" x2="31.242" y1="66.802" x1="28.575"/><wire layer="16" width="0.381" y2="66.04" x2="32.004" y1="41.91" x1="32.004"/><via shape="round" drill="0.254" diameter="0.6096" extent="1-16" y="39.9288" x="51.435"/><via shape="round" drill="1.016" diameter="2.032" extent="1-16" y="66.802" x="28.575"/><contactref pad="1" element="Rpg"/><contactref pad="1" element="Cout"/><contactref pad="2" element="L1"/><contactref pad="1" element="Rfbt"/><contactref pad="1" element="VOUT"/></signal><signal name="7"><wire layer="1" width="0.381" y2="48.6156" x2="58.2676" y1="48.6156" x1="53.4162"/><wire layer="1" width="0.381" y2="49.276" x2="58.9534" y1="48.6156" x1="58.2676"/><wire layer="1" width="0.381" y2="49.276" x2="60.9346" y1="49.276" x1="58.9534"/><wire layer="1" width="0.254" y2="50.1396" x2="60.9092" y1="48.4378" x1="60.9092"/><contactref pad="2" element="Cbst"/><contactref pad="8" element="U1"/></signal><signal name="5"><wire layer="1" width="0.635" y2="53.1622" x2="58.0644" y1="53.1622" x1="49.276"/><wire layer="1" width="0.635" y2="52.197" x2="59.0296" y1="53.1622" x1="58.0644"/><wire layer="1" width="0.635" y2="52.197" x2="60.9346" y1="52.197" x1="59.0296"/><wire layer="1" width="0.4318" y2="53.1622" x2="49.276" y1="52.6796" x1="48.7934"/><wire layer="1" width="0.4318" y2="52.6796" x2="48.7934" y1="50.6984" x1="48.7934"/><wire layer="1" width="0.762" y2="47.879" x2="49.6062" y1="47.879" x1="48.768"/><wire layer="1" width="0.4318" y2="47.9552" x2="49.6824" y1="47.879" x1="49.6062"/><wire layer="1" width="0.4318" y2="47.9552" x2="51.1556" y1="47.9552" x1="49.6824"/><wire layer="1" width="0.254" y2="53.0352" x2="60.9092" y1="51.3334" x1="60.9092"/><polygon spacing="0.254" layer="1" width="0" rank="3"><vertex y="58.801" x="57.658"/><vertex y="58.801" x="41.91"/><vertex y="49.53" x="41.91"/><vertex y="49.53" x="57.658"/></polygon><polygon spacing="0.254" layer="16" width="0"><vertex y="47.498" x="48.26"/><vertex y="53.848" x="48.26"/><vertex y="53.848" x="50.038"/><vertex y="47.498" x="50.038"/></polygon><via shape="round" drill="0.254" diameter="0.6096" extent="1-16" y="47.879" x="48.768"/><via shape="round" drill="0.254" diameter="0.6096" extent="1-16" y="47.879" x="49.6062"/><via shape="round" drill="0.254" diameter="0.6096" extent="1-16" y="49.8856" x="48.768"/><via shape="round" drill="0.254" diameter="0.6096" extent="1-16" y="49.8856" x="49.6062"/><via shape="round" drill="0.254" diameter="0.6096" extent="1-16" y="50.6984" x="49.6062"/><via shape="round" drill="0.254" diameter="0.6096" extent="1-16" y="50.6984" x="48.7934"/><contactref pad="1" element="Cbst"/><contactref pad="1" element="L1"/><contactref pad="2" element="U1"/></signal><signal name="2"><wire layer="1" width="0.381" y2="47.3202" x2="55.7784" y1="47.3202" x1="53.4162"/><wire layer="1" width="0.381" y2="46.7614" x2="56.3372" y1="47.3202" x1="55.7784"/><wire layer="1" width="0.381" y2="46.7614" x2="56.3372" y1="45.7708" x1="56.3372"/><wire layer="1" width="0.381" y2="45.7708" x2="56.3372" y1="44.9834" x1="56.3372"/><wire layer="1" width="0.381" y2="44.5516" x2="56.7944" y1="44.9834" x1="56.3372"/><wire layer="1" width="0.381" y2="44.5516" x2="56.7944" y1="43.1292" x1="56.7944"/><wire layer="1" width="0.254" y2="45.7581" x2="56.7944" y1="45.7581" x1="55.8546"/><wire layer="1" width="0.254" y2="43.5864" x2="56.7817" y1="42.6466" x1="56.7817"/><contactref pad="2" element="Rfbt"/><contactref pad="1" element="Rfbb"/><contactref pad="6" element="U1"/></signal><signal name="9"><wire layer="1" width="0.381" y2="46.6598" x2="51.1556" y1="45.466" x1="51.1556"/><wire layer="1" width="0.381" y2="45.212" x2="51.435" y1="45.466" x1="51.1556"/><wire layer="1" width="0.381" y2="45.212" x2="51.435" y1="43.1292" x1="51.435"/><wire layer="1" width="0.254" y2="43.5864" x2="51.4223" y1="42.6466" x1="51.4223"/><contactref pad="2" element="Rpg"/><contactref pad="4" element="U1"/></signal><signal name="11"><wire layer="1" width="0.381" y2="44.704" x2="54.102" y1="43.1292" x1="54.102"/><wire layer="1" width="0.381" y2="44.704" x2="54.102" y1="45.3644" x1="53.4162"/><wire layer="1" width="0.381" y2="46.6598" x2="53.4162" y1="45.3644" x1="53.4162"/><wire layer="1" width="0.254" y2="43.5864" x2="54.0893" y1="42.6466" x1="54.0893"/><contactref pad="1" element="Css"/><contactref pad="5" element="U1"/></signal></signals></board></drawing></eagle>
