"Id";"Designator";"Footprint";"Quantity";"Designation";"Supplier and ref";
1;"5V1, GND1, MCU_5V1, USB_VBUS1";"TestPoint_Loop_D2.60mm_Drill0.9mm_Beaded";4;"TestPoint";;;
2;"A1, A2, A3, A4, A5";"anderson_horizontal";5;"Anderson_Horizontal";;;
3;"B1";"Buzzer";1;"Buzzer";;;
4;"Batt1";"AMASS_XT60-M_1x02_P7.20mm_Vertical";1;"XT60_F";;;
5;"C1, C2";"CP_Radial_D5.0mm_P2.00mm";2;"10u";;;
6;"C8, C9, C10, C11, C16";"C_0603_1608Metric";5;"100nF";;;
7;"C12, C15, C17, C18, C19";"C_0603_1608Metric";5;"1uF";;;
8;"C13, C14";"C_0603_1608Metric";2;"18pF";;;
9;"Converter1";"5v_converter";1;"5v_converter";;;
10;"D3";"LED-SEG-TH_12P-L30.0-W13.7-P2.54-S10.16-BL";1;"4_digit_7_segment_display";;;
11;"D4, D7, D8, D9";"LED_0805_2012Metric";4;"RED";;;
12;"D5";"LED_0805_2012Metric";1;"YELLOW";;;
13;"D6";"LED_0805_2012Metric";1;"GREEN";;;
14;"F1";"Fuse Holder SMD";1;"Fuseholder";;;
15;"J1";"PinHeader_1x02_P2.54mm_Vertical";1;"Conn_01x02";;;
16;"J2";"PinHeader_1x04_P2.54mm_Vertical";1;"Conn_01x04";;;
17;"J3";"USB_B_OST_USB-B1HSxx_Horizontal";1;"USB_B";;;
18;"J4";"PinHeader_2x03_P2.54mm_Vertical";1;"AVR-ISP-6";;;
19;"Jst1";"JST_XH_B4B-XH-A_1x04_P2.50mm_Vertical";1;"JST-XH_4-pin";;;
20;"Q1";"s8050 JSMSEMI";1;"s8050_JSMSEMI";;;
21;"Q2, Q3, Q4";"SOT-23";3;"BSS84";;;
22;"Q5, Q6, Q7";"SOT-23";3;"2N7002";;;
23;"Q8, Q9, Q10, Q11";"SOT-23";4;"MMBT3906";;;
24;"R1, R3, R5";"R_0603_1608Metric";3;"30000";;;
25;"R2, R4, R6";"R_0603_1608Metric";3;"10000";;;
26;"R7, R8, R9, R10, R11, R12, R13, R14";"R_0603_1608Metric";8;"200";;;
27;"R15";"R_0603_1608Metric";1;"3300";;;
28;"R16";"R_0603_1608Metric";1;"1000";;;
29;"R17, R18";"R_0603_1608Metric";2;"22";;;
30;"R21, R36, R37, R38, R39";"R_0402_1005Metric";5;"10k";;;
31;"R22, R23, R24";"R_0603_1608Metric";3;"100k";;;
32;"R25";"R_0603_1608Metric";1;"10k";;;
33;"R26, R27, R28, R29, R30, R31";"R_0603_1608Metric";6;"330";;;
34;"R32, R33, R34, R35";"R_0603_1608Metric";4;"1k";;;
35;"REF**, REF**, REF**, REF**";"Hole_R1.62mm";4;"Hole_R1.62mm";;;
36;"Sw1";"Rocker Switch";1;"D-SWITCH_MR5-111-C5N-BB";;;
37;"SW2";"DEALON SS-12D01-G3";1;"SW_SPDT";;;
38;"SW3";"SW_PUSH_6mm";1;"SW_MEC_5E";;;
39;"SW4";"SW_PUSH_6mm";1;"RESET";;;
40;"U4";"QFN-44-1EP_7x7mm_P0.5mm_EP5.2x5.2mm";1;"ATmega32U4-M";;;
41;"U5, U6";"SOT-363_SC-70-6";2;"LM66100DCK";;;
42;"U7";"SOT-23-6";1;"USBLC6-2SC6";;;
43;"USB1, USB2, USB3";"USB-A_female";3;"USB";;;
44;"Y2";"Crystal_SMD_5032-2Pin_5.0x3.2mm";1;"16MHz";;;
